Date,Headline,URL,Keyword1,Keyword2
2017-11-30,A long-awaited lift at Long Island MacArthur Airport,https://www.newsday.com/opinion/editorial/a-long-awaited-lift-at-long-island-macarthur-airport-1.15250831,MacArthur Airport,
2017-11-29,We deserve accountability and transparency from Congress on sexual harassment,https://www.newsday.com/opinion/editorial/congress-no-sexual-harrassment-settlements-1.15238129,Sexual harrasment,
2017-11-28,President Trump should fulfill his promises on tax reform,https://www.newsday.com/opinion/editorial/donald-trump-broken-promises-taxes-1.15221393,"Donald Trump, administration","Taxes, federal"
2017-11-27,New York’s victorious con-con opponents can now get to work,https://www.newsday.com/opinion/editorial/new-york-s-victorious-con-con-opponents-can-now-get-to-work-1.15099561,Con-Con,Albany
2017-11-26,Build a train to the plane for LaGuardia Airport,https://www.newsday.com/opinion/editorial/laguardia-airport-airtrain-1.15104000,LaGuardia Airport,
2017-11-24,Celebrate with a gift of food and shelter,https://www.newsday.com/opinion/editorial/newsday-help-a-family-1.15101464,Thanksgiving,
2017-11-23,A day to break bread and make peace,https://www.newsday.com/opinion/editorial/a-day-to-break-bread-and-make-peace-1.15101395,Thanksgiving,
2017-11-22,Nassau County’s assessment-system snake pit,https://www.newsday.com/opinion/editorial/nassau-county-assessment-problem-1.15090189,"Taxes, property",Nassau County
2017-11-21,Charles Manson reflected humanity’s worst,https://www.newsday.com/opinion/editorial/charles-manson-death-1.15075278,Notable deaths,Charles Manson
2017-11-20,New leaders have a fresh opportunity to develop Nassau Hub,https://www.newsday.com/opinion/editorial/nassau-hub-future-1.15019331,Nassau County,Future of Long Island
2017-11-19,Unequal justice on LI must end,https://www.newsday.com/opinion/editorial/racial-profiling-long-island-nassau-suffolk-police-1.15015367,Policing,Race relations
2017-11-17,"For LIRR riders, a tough winter",https://www.newsday.com/opinion/editorial/editorial-lirr-winter-track-work-1.15005447,LIRR,Amtrak
2017-11-17,Keep U.S. ban on imports of elephant trophies,https://www.newsday.com/opinion/editorial/keep-u-s-ban-on-imports-of-elephant-trophies-1.15005014,Elephant hunting,"Donald Trump, administration"
2017-11-16,"NIFA, Curran must stand firm",https://www.newsday.com/opinion/editorial/nifa-future-nassau-county-1.14991470,Nassau County,NIFA
2017-11-15,Washington should reconsider DACA plans,https://www.newsday.com/opinion/editorial/washington-should-reconsider-daca-plans-1.14979678,"Donald Trump, administration",Immigration
2017-11-15,Sessions not being forthright,https://www.newsday.com/opinion/editorial/sessions-not-being-forthright-1.14980806,Jeff Sessions,"Politics, national"
2014-11-14,Defending the indefensible,https://www.newsday.com/opinion/editorial/defending-the-indefensible-1.14965625,Roy Moore,Special elections
2017-11-13,Long Island’s tax-break boondoggle,https://www.newsday.com/opinion/editorial/long-island-s-tax-break-boondoggle-1.14910390,Economic development,Future of Long Island
2017-11-12,Congressional tax plans are not fair — and not reform,https://www.newsday.com/opinion/editorial/tax-reform-long-island-new-york-1.14901939,"Taxes, federal",
2017-11-10,New leaders could bring change for housing on Long Island,https://www.newsday.com/opinion/editorial/new-leaders-could-bring-change-for-housing-on-long-island-1.14881086,Future of Long Island,Affordable housing
2017-11-09,Activism defines the 2017 vote across the United States,https://www.newsday.com/opinion/editorial/activism-defines-the-2017-vote-across-the-united-states-1.14856322,"Politics, national",
2017-11-09,"After the election, priorities and opportunities in Nassau",https://www.newsday.com/opinion/editorial/after-the-election-priorities-and-opportunities-in-nassau-1.14856479,Laura Curran,Nassau County
2017-11-08,Tim Sini’s task as new district attorney: Clean up Suffolk,https://www.newsday.com/opinion/editorial/tim-sini-s-task-as-new-district-attorney-clean-up-suffolk-1.14819495,Tim Sini,Suffolk County
2017-11-07,Let it all out by casting your ballot on Election Day,https://www.newsday.com/opinion/editorial/let-it-all-out-by-casting-your-ballot-on-election-day-1.14788312,"Politics, local",
2017-11-06,Flip the ballot for proposals,https://www.newsday.com/opinion/editorial/vote-yes-to-constitutional-convention-other-proposals-on-back-of-the-ballot-1.14746028,"Politics, state",Con-Con
2017-11-04,One way to fight election collusion on Long Island,https://www.newsday.com/opinion/editorial/one-way-to-fight-election-collusion-on-long-island-1.14743311,"Politics, local",
2017-11-03,Nassau needs right lawmakers to live up to county’s potential,https://www.newsday.com/opinion/editorial/nassau-county-legislature-endorsements-2017-1.14727919,Nassau County,"Politics, local"
2017-11-03,Kevan Abrahams to represent Nassau’s 1st Legislative District,https://www.newsday.com/opinion/editorial/kevan-abrahams-nassau-county-legislature-2017-1.14730316,Nassau County Legislature,
2017-11-03,Siela Bynoe to represent Nassau’s 2nd Legislative District,https://www.newsday.com/opinion/editorial/siela-bynoe-nassau-county-legislature-2017-1.14730329,Nassau County Legislature,
2017-11-03,Paul Sapienza to represent Nassau’s 3rd Legislative District,https://www.newsday.com/opinion/editorial/paul-sapienza-nassau-county-legislature-2017-1.14730341,Nassau County Legislature,
2017-11-03,Denise Ford to represent Nassau’s 4th Legislative District,https://www.newsday.com/opinion/editorial/denise-ford-nassau-county-legislature-2017-1.14730369,Nassau County Legislature,
2017-11-03,Debra Mule to represent Nassau’s 5th Legislative District,https://www.newsday.com/opinion/editorial/debra-mule-nassau-county-legislature-2017-1.14730404,Nassau County Legislature,
2017-11-03,William Gaylor to represent Nassau’s 6th Legislative District,https://www.newsday.com/opinion/editorial/william-gaylor-nassau-county-legislature-2017-1.14730426,Nassau County Legislature,
2017-11-03,Karen Blitz to represent Nassau’s 7th Legislative District,https://www.newsday.com/opinion/editorial/karen-blitz-nassau-county-legislature-2017-1.14730459,Nassau County Legislature,
2017-11-03,Muscarella to represent Nassau’s 8th Legislative District,https://www.newsday.com/opinion/editorial/vincent-muscarella-nassau-county-legislature-2017-1.14730502,Nassau County Legislature,
2017-11-03,Richard Nicolello to represent Nassau’s 9th Legislative District,https://www.newsday.com/opinion/editorial/richard-nicolello-nassau-county-legislature-2017-1.14730527,Nassau County Legislature,
2017-11-03,Ellen Birnbaum to represent Nassau’s 10th Legislative District,https://www.newsday.com/opinion/editorial/ellen-birnbaum-nassau-county-legislature-2017-1.14730578,Nassau County Legislature,
2017-11-03,Delia DeRiggi-Whitton to represent Nassau’s 11th Legislative District,https://www.newsday.com/opinion/editorial/delia-deriggi-whitton-nassau-county-legislature-2017-1.14730603,Nassau County Legislature,
2017-11-03,Alex Melton to represent Nassau’s 12th Legislative District,https://www.newsday.com/opinion/editorial/alex-melton-nassau-county-legislature-2017-1.14730635,Nassau County Legislature,
2017-11-03,Eileen Napolitano to represent Nassau’s 13th Legislative District,https://www.newsday.com/opinion/editorial/eileen-napolitano-nassau-county-legislature-2017-1.14730654,Nassau County Legislature,
2017-11-03,Laura Schaefer to represent Nassau’s 14th Legislative District,https://www.newsday.com/opinion/editorial/laura-schaefer-nassau-county-legislature-2017-1.14730631,Nassau County Legislature,
2017-11-03,John Ferretti to represent Nassau County’s 15th Legislative District,https://www.newsday.com/opinion/editorial/john-ferretti-nassau-county-legislature-2017-1.14730607,Nassau County Legislature,
2017-11-03,Angel Cepeda to represent Nassau’s 16th Legislative District,https://www.newsday.com/opinion/editorial/angel-cepeda-nassau-county-legislature-2017-1.14730559,Nassau County Legislature,
2017-11-03,Ramandeep Arora to represent Nassau’s 17th Legislative District,https://www.newsday.com/opinion/editorial/ray-arora-nassau-county-legislature-2017-1.14730491,Nassau County Legislature,
2017-11-03,Josh Lafazan to represent Nassau’s 18th Legislative District,https://www.newsday.com/opinion/editorial/josh-lafazan-nassau-county-legislature-2017-1.14730454,Nassau County Legislature,
2017-11-03,Jeff Gold to represent Nassau’s 19th Legislative District,https://www.newsday.com/opinion/editorial/jeff-gold-nassau-county-legislature-2017-1.14730418,Nassau County Legislature,
2017-11-02,Suffolk County needs legislators who are willing to act,https://www.newsday.com/opinion/editorial/suffolk-county-legislature-endorsements-2017-1.14701754,Suffolk County,"Politics, local"
2017-11-02,Al Krupski to represent Suffolk’s 1st Legislative District,https://www.newsday.com/opinion/editorial/al-krupski-to-represent-suffolk-s-1st-legislative-district-1.14701769,Suffolk County Legislature,
2017-11-02,Bridget Fleming to represent Suffolk’s 2nd Legislative District,https://www.newsday.com/opinion/editorial/bridget-fleming-suffolk-county-legislature-2017-1.14701845,Suffolk County Legislature,
2017-11-02,Josh Slaughter to represent Suffolk’s 3rd Legislative District,https://www.newsday.com/opinion/editorial/josh-slaughter-suffolk-county-legislature-2017-1.14701757,Suffolk County Legislature,
2017-11-02,Tom Muratore to represent Suffolk’s 4th Legislative District,https://www.newsday.com/opinion/editorial/tom-muratore-suffolk-county-legislature-2017-1.14701763,Suffolk County Legislature,
2017-11-02,Kara Hahn to represent Suffolk’s 5th Legislative District,https://www.newsday.com/opinion/editorial/kara-hahn-suffolk-county-legislature-2017-1.14701748,Suffolk County Legislature,
2017-11-02,Sarah Anker to represent Suffolk County’s 6th Legislative District,https://www.newsday.com/opinion/editorial/sarah-anker-suffolk-county-legislature-2017-1.14701799,Suffolk County Legislature,
2017-11-02,Robert Calarco to represent Suffolk’s 7th Legislative District,https://www.newsday.com/opinion/editorial/robert-calarco-to-represent-suffolk-s-7th-legislative-district-1.14701859,Suffolk County Legislature,
2017-11-02,William J. Lindsay III to represent Suffolk’s 8th Legislative District,https://www.newsday.com/opinion/editorial/bill-lindsay-suffolk-county-legislature-2017-1.14701810,Suffolk County Legislature,
2017-11-02,Monica Martinez to represent Suffolk’s 9th Legislative District,https://www.newsday.com/opinion/editorial/monica-martinez-suffolk-county-legislature-2017-1.14701787,Suffolk County Legislature,
2017-11-02,Tom Cilmi to represent Suffolk’s 10th Legislative District,https://www.newsday.com/opinion/editorial/thomas-cilmi-suffolk-county-legislature-2017-1.14701863,Suffolk County Legislature,
2017-11-02,Joseph McDermott to represent Suffolk’s 11th Legislative District,https://www.newsday.com/opinion/editorial/joseph-mcdermott-suffolk-county-legislature-2017-1.14701840,Suffolk County Legislature,
2017-11-02,Leslie Kennedy to represent Suffolk’s 12th Legislative District,https://www.newsday.com/opinion/editorial/leslie-kennedy-suffolk-county-legislature-2017-1.14701852,Suffolk County Legislature,
2017-11-02,Rob Trotta to represent Suffolk’s 13th Legislative District,https://www.newsday.com/opinion/editorial/rob-trotta-suffolk-county-legislature-2017-1.14701761,Suffolk County Legislature,
2017-11-02,Kevin McCaffrey to represent Suffolk’s 14th Legislative District,https://www.newsday.com/opinion/editorial/kevin-mccaffrey-suffolk-county-legislature-2017-1.14701832,Suffolk County Legislature,
2017-11-02,DuWayne Gregory to represent Suffolk’s 15th Legislative District,https://www.newsday.com/opinion/editorial/duwayne-gregory-suffolk-county-legislature-2017-1.14701816,Suffolk County Legislature,
2017-11-02,Susan Berland to represent Suffolk’s 16th Legislative District,https://www.newsday.com/opinion/editorial/susan-berland-suffolk-county-legislature-2017-1.14701825,Suffolk County Legislature,
2017-11-02,Tom Donnelly to represent Suffolk’s 17th Legislative District,https://www.newsday.com/opinion/editorial/thomas-donnelly-suffolk-county-legislature-2017-1.14701836,Suffolk County Legislature,
2017-11-02,William Spencer to represent Suffolk’s 18th Legislative District,https://www.newsday.com/opinion/editorial/william-spencer-suffolk-county-legislature-2017-1.14701872,Suffolk County Legislature,
2017-11-01,"New York City, symbol of freedom, mourns again",https://www.newsday.com/opinion/editorial/new-york-city-symbol-of-freedom-mourns-again-1.14706538,Terrorism,New York City
2017-10-31,No endorsement for Babylon supervisor,https://www.newsday.com/opinion/editorial/newsday-endorsement-babylon-supervisor-dan-martin-rich-schaffer-1.14687203,Town of Babylon,"Politics, local"
2017-10-31,Judi Bosworth for North Hempstead supervisor,https://www.newsday.com/opinion/editorial/judi-bosworth-for-north-hempstead-supervisor-1.14686522,Town of North Hempstead,Judi Bosworth
2017-10-30,Laura Gillen for Hempstead supervisor,https://www.newsday.com/opinion/editorial/laura-gillen-for-hempstead-supervisor-1.14654281,Town of Hempstead,Laura Gillen
2017-10-29,Jack Schnirman for Nassau County comptroller,https://www.newsday.com/opinion/editorial/jack-schnirman-for-nassau-county-comptroller-1.14654319,Jack Schnirman,Nassau County
2017-10-29,Laura Curran for Nassau County executive,https://www.newsday.com/opinion/editorial/laura-curran-for-nassau-county-executive-1.14654543,Laura Curran,Nassau County
2017-10-27,Marc Herman for Oyster Bay supervisor,https://www.newsday.com/opinion/editorial/marc-herman-for-oyster-bay-supervisor-1.14641305,Marc Herman,Town of Oyster Bay
2017-10-26,District Attorney Thomas Spota’s contempt for the law,https://www.newsday.com/opinion/editorial/district-attorney-thomas-spota-s-contempt-for-the-law-1.14625321,Thomas Spota,Criminal justice system
2017-10-25,Laura Jens-Smith for Riverhead supervisor,https://www.newsday.com/opinion/editorial/jens-smith-for-riverhead-supervisor-1.14602839,Laura Jens-Smith,Town of Riverhead
2017-10-24,Prepare regionally for the next big weather disaster,https://www.newsday.com/opinion/editorial/prepare-regionally-for-the-next-big-weather-disaster-1.14592389,Superstorm Sandy,Climate change
2017-10-23,Ed Romaine for Brookhaven supervisor,https://www.newsday.com/opinion/editorial/ed-romaine-for-brookhaven-supervisor-1.14558327,Ed Romaine,Town of Brookhaven
2017-10-22,Tim Sini for Suffolk County district attorney,https://www.newsday.com/opinion/editorial/tim-sini-for-suffolk-county-district-attorney-1.14554407,Tim Sini,Suffolk County
2017-10-20,Zombie home fund needs a lively infusion,https://www.newsday.com/opinion/editorial/zombie-home-fund-needs-a-lively-infusion-1.14541194,Town of Brookhaven,Zombie homes
2017-10-20,Merrick playground plan slides into political muck,https://www.newsday.com/opinion/editorial/merrick-playground-plan-slides-into-political-muck-1.14540938,Town of Hempstead,Merrick
2017-10-19,Tracey Edwards for Huntington supervisor,https://www.newsday.com/opinion/editorial/tracey-edwards-for-huntington-supervisor-1.14526557,Town of Huntington,Tracey Edwards
2017-10-18,Lawrence Zacarese for Suffolk County sheriff,https://www.newsday.com/opinion/editorial/lawrence-zacarese-for-suffolk-sheriff-1.14512915,Suffolk County,Lawrence Zacarese
2017-10-17,Keep a spotlight on nepotism in Long Island government,https://www.newsday.com/opinion/editorial/keep-a-spotlight-on-nepotism-in-long-island-government-1.14501546,"Politics, local",Stop the madness
2017-10-16,Edward Wehrheim for Smithtown supervisor,https://www.newsday.com/opinion/editorial/edward-wehrheim-for-smithtown-supervisor-1.14458182,Edward Wehrheim,Town of Smithtown
2017-10-15,Myths and realities of a constitutional convention,https://www.newsday.com/opinion/editorial/myths-and-realities-of-a-new-york-state-constitutional-convention-1.14455129,Con-Con,Facts matter
2017-10-13,Plan to fight gangs with troopers needs buy-in from schools,https://www.newsday.com/opinion/editorial/plan-to-fight-gangs-with-troopers-needs-buy-in-from-schools-1.14447297,Gang violence,Policing
2017-10-13,The bravery of Long Island’s volunteers saves another life,https://www.newsday.com/opinion/editorial/the-bravery-of-long-island-s-volunteers-saves-another-life-1.14447229,Heart-warming stories,
2017-10-12,Puerto Rico is still just trying to survive,https://www.newsday.com/opinion/editorial/puerto-rico-is-still-just-trying-to-survive-1.14435267,Puerto Rico,Hurricane recovery
2017-10-11,Lessons of predators and enablers from the Weinstein scandal,https://www.newsday.com/opinion/editorial/lessons-of-predators-and-enablers-from-the-weinstein-scandal-1.14424608,Sexual harrasment,
2017-10-10,Distracting times mask real trouble in White House,https://www.newsday.com/opinion/editorial/chaotic-times-mask-real-trouble-in-white-house-1.14410243,"Politics, national","Donald Trump, concerns"
2017-10-09,Widen input for tolling plan,https://www.newsday.com/opinion/editorial/widen-input-for-tolling-plan-1.14372460,Congestion pricing,Regional thinking
2017-10-08,Las Vegas shooting a mark of dark times in the United States,https://www.newsday.com/opinion/editorial/las-vegas-shooting-a-mark-of-dark-times-in-the-united-states-1.14372029,Gun violence,
2017-10-29,Maureen O’Connell for Nassau clerk,https://www.newsday.com/opinion/editorial/maureen-o-connell-for-nassau-clerk-1.14654481,Maureen O'Connell,Nassau County
2017-10-06,"Town of Oyster Bay needs focus, not folly",https://www.newsday.com/opinion/editorial/town-of-oyster-bay-needs-focus-not-folly-1.14360175,Joseph Saladino,Town of Oyster Bay
2017-10-06,No love on the label? Uncle Sam goes too far,https://www.newsday.com/opinion/editorial/no-love-on-the-label-uncle-sam-goes-too-far-1.14359988,Stop the madness,Government regulation
2017-10-05,Russia probes are needed to safeguard U.S. elections,https://www.newsday.com/opinion/russia-probes-are-needed-to-safeguard-u-s-elections-1.14351981,"Politics, national",
2017-10-05,Nassau lawmakers play bait and switch at election time,https://www.newsday.com/opinion/editorial/nassau-lawmakers-play-bait-and-switch-at-election-time-1.14351904,Nassau County,Budget games and gimmicks
2017-10-04,President Trump crows while Puerto Rico struggles to survive,https://www.newsday.com/opinion/editorial/president-trump-crows-while-puerto-rico-struggles-to-survive-1.14343464,Puerto Rico,Hurricane recovery
2017-10-04,Key strides toward cleaning Long Island’s waters,https://www.newsday.com/opinion/editorial/key-strides-toward-cleaning-long-island-s-waters-1.14343476,Environmental issues,Suffolk County
2017-10-03,Don’t let mass killings define America,https://www.newsday.com/opinion/editorial/don-t-let-mass-killings-define-america-1.14334737,Gun violence,
2017-10-02,Insulin illustrates health care woes,https://www.newsday.com/opinion/editorial/insulin-illustrates-health-care-woes-1.14309517,Health care,"Politics, national"
2017-10-01,Long Island looks like a loser under GOP tax reform,https://www.newsday.com/opinion/editorial/what-tax-plan-means-for-new-york-1.14307929,"Taxes, federal",
2017-09-29,Trump Cabinet members betray taxpayer trust,https://www.newsday.com/opinion/editorial/trump-cabinet-chiefs-betray-taxpayer-trust-1.14297288,"Donald Trump, administration",Stop the madness
2017-09-28,Puerto Rico desperate for federal help now,https://www.newsday.com/opinion/editorial/puerto-rico-desperate-for-federal-help-now-1.14288940,Puerto Rico,Hurricane recovery
2017-09-27,"After Skelos and Silver rulings, keep up quest for Albany honesty",https://www.newsday.com/opinion/editorial/after-skelos-and-silver-rulings-keep-up-quest-for-albany-honesty-1.14279113,Ending corruption,
2017-09-27,Smithtown Supervisor Patrick Vecchio leaves with a mixed legacy,https://www.newsday.com/opinion/editorial/smithtown-supervisor-patrick-vecchio-leaves-with-a-mixed-legacy-1.14279012,Patrick Vecchio,Town of Smithtown
2017-09-26,President Trump’s anthem rants don’t unify Americans,https://www.newsday.com/opinion/editorial/president-trump-s-anthem-rants-don-t-unify-americans-1.14272576,"Donald Trump, concerns",Protests and free speech
2017-09-25,Hempstead supervisor’s opposition to sewage plan seems political,https://www.newsday.com/opinion/editorial/hempstead-supervisor-s-opposition-to-sewage-plan-seems-political-1.14250873,Sewers,Anthony Santino
2017-09-24,Senate’s bad medicine gets worse with new health care bill,https://www.newsday.com/opinion/editorial/dangers-in-proposed-health-care-plan-1.14249310,Health care,
2017-09-22,Use today’s pain to withstand future natural disasters,https://www.newsday.com/opinion/editorial/use-today-s-pain-to-withstand-future-natural-disasters-1.14243975,Hurricane recovery,Puerto Rico
2017-09-20,President Trump’s divisive view of the world,https://www.newsday.com/opinion/editorial/president-trump-s-divisive-view-of-the-world-1.14223852,"Donald Trump, concerns",Foreign policy
2017-09-19,Annual budget sleight of hand in Nassau and Suffolk counties,https://www.newsday.com/opinion/editorial/annual-budget-sleight-of-hand-in-nassau-and-suffolk-counties-1.14214904,Budget games and gimmicks,
2017-09-18,"Long Island waters are dirtier, but there’s hope",https://www.newsday.com/opinion/editorial/long-island-s-water-quality-gets-worse-1.14176309,Environmental issues,
2017-09-18,Suffolk County’s expensive health care headache,https://www.newsday.com/opinion/editorial/suffolk-county-s-expensive-health-care-headache-1.14180160,Budget games and gimmicks,Suffolk County
2017-09-17,Put tolls to work against traffic,https://www.newsday.com/opinion/editorial/how-to-reduce-traffic-in-new-york-1.14176663,Congestion pricing,Future of Long Island
2017-09-15,Cautious hope for Trump to protect Dreamers,https://www.newsday.com/cautious-hope-for-trump-to-protect-dreamers-1.14169586,Immigration,"Donald Trump, administration"
2017-09-15,Northeast needs Trump commitment to Gateway project,https://www.newsday.com/opinion/editorial/northeast-needs-trump-commitment-to-gateway-project-1.14169383,Gateway tunnel,"Donald Trump, administration"
2017-09-14,Race for sheriff a fight for decency in Suffolk politics,https://www.newsday.com/opinion/editorial/race-for-sheriff-a-fight-for-decency-of-suffolk-politics-1.14159503,Suffolk County,"Politics, local"
2017-09-13,Get the facts on Equifax and other credit reporting agencies,https://www.newsday.com/opinion/editorial/get-the-facts-on-equifax-and-other-credit-reporting-agencies-1.14150175,Equifax,Hacking
2017-09-12,"Sandy, Harvey, Irma and more test and teach us",https://www.newsday.com/opinion/editorial/editorial-sandy-harvey-irma-and-more-test-and-teach-us-1.14143365,Hurricane recovery,
2017-09-11,A promising idea to fight opioids,https://www.newsday.com/opinion/editorial/a-promising-idea-to-fight-opioids-1.14139143,Opioid epidemic,Northwell Health
2017-09-11,Shellfish revival could pay off for Long Island,https://www.newsday.com/opinion/editorial/shellfish-revival-could-pay-off-for-long-island-1.14123533,Environmental issues,
2017-09-10,Coastal areas must adapt or surrender to storms,https://www.newsday.com/opinion/editorial/a-reality-check-in-this-active-hurricane-season-1.14124242,Hurricane recovery,Climate change
2017-09-08,Suffolk County sheriff primary reeks of the political swamp,https://www.newsday.com/opinion/editorial/suffolk-county-sheriff-primary-reeks-of-the-political-swamp-1.14118890,Suffolk County,"Politics, local"
2017-09-07,Lessons from LIRR ‘summer of hell’,https://www.newsday.com/opinion/editorial/lessons-from-lirr-summer-of-hell-1.14115477,LIRR,Amtrak
2017-09-06,Trump’s cruel reversal for Dreamer immigrants,https://www.newsday.com/opinion/editorial/trump-s-cruel-reversal-for-dreamer-immigrants-1.14113458,Immigration,"Donald Trump, administration"
2017-09-05,Left wing must stop violent tactics,https://www.newsday.com/opinion/editorial/left-must-stop-violent-tactics-1.14104740,Protests and free speech,
2017-09-04,We need to train employees of the future to deal with a world of robots and automation,https://www.newsday.com/opinion/editorial/we-need-to-train-employees-of-the-future-to-deal-with-a-world-of-robots-and-automation-1.14105157,Labor day,
2017-09-03,Don’t delay fixing Social Security and Medicare,https://www.newsday.com/opinion/editorial/uncertain-future-of-social-security-medicare-1.14104588,Medicare,Social security
2017-09-01,Lessons from superstorm Sandy can help victims in Houston,https://www.newsday.com/opinion/editorial/lessons-from-superstorm-sandy-can-help-victims-in-houston-1.14103425,Superstorm Sandy,Hurricane recovery
2017-08-31,Is it state control board’s turn to tame Nassau’s deficit?,https://www.newsday.com/opinion/editorial/is-it-state-control-board-s-turn-to-tame-nassau-s-deficit-1.14101134,NIFA,Nassau County
2017-08-30,President Trump’s toxic disrespect for law and order,https://www.newsday.com/opinion/editorial/president-trump-s-toxic-disrespect-for-law-and-order-1.14098335,"Donald Trump, concerns",Joe Arpaio
2017-08-29,The misery and humanity of Hurricane Harvey,https://www.newsday.com/opinion/editorial/the-misery-and-humanity-of-hurricane-harvey-1.14096130,Hurricane recovery,Climate change
2017-08-28,Long Island’s shameful recycling rate,https://www.newsday.com/opinion/editorial/long-island-s-shameful-recycling-rate-1.14090899,Environmental issues,
2017-08-27,The problem with LI’s high opt-out rate on state school tests,https://www.newsday.com/opinion/editorial/the-problem-with-li-s-high-opt-out-rate-on-state-school-tests-1.14090989,Education,Standardized testing
2017-08-25,George Maragos is abusing office to run for county executive,https://www.newsday.com/opinion/editorial/george-maragos-is-abusing-office-to-run-for-county-executive-1.14088731,George Maragos,Nassau County
2017-08-24,The blame lies with Trump,https://www.newsday.com/opinion/editorial/the-blame-lies-with-trump-1.14085928,"Donald Trump, concerns","Politics, national"
2017-08-23,A way forward in Afghanistan,https://www.newsday.com/opinion/editorial/a-way-forward-in-afghanistan-1.14083413,"Politics, national",Afghanistan
2017-08-22,The true genius of comedian Jerry Lewis,http://www.newsday.com/opinion/the-true-genius-of-comedian-jerry-lewis-1.14080910,Notable deaths,Jerry Lewis
2017-08-22,N.Y. takes sound step against Army Corps,https://www.newsday.com/opinion/editorial/n-y-takes-sound-step-against-army-corps-1.14081090,Army Corps,Environmental issues
2017-08-21,Start Nassau Community College’s fall term with a full board,https://www.newsday.com/opinion/editorial/start-nassau-community-college-s-fall-term-with-a-full-board-1.14003699,Nassau County,Education
2017-08-21,Nicknames on baseball jerseys? It’s uniformly dumb.,https://www.newsday.com/opinion/editorial/nicknames-on-baseball-jerseys-it-s-uniformly-dumb-1.14003797,Yankees,Sports
2017-08-20,A new vision for the Hub,https://www.newsday.com/opinion/editorial/a-new-vision-for-the-hub-1.14073785,Affordable housing,Future of Long Island
2017-08-18,President Trump needlessly inflames debate over race and statues,https://www.newsday.com/opinion/editorial/president-trump-needlessly-inflames-debate-over-race-and-statues-1.14070491,"Donald Trump, concerns",
2017-08-17,Denial of Nassau candidate’s bid is business as usual,https://www.newsday.com/opinion/editorial/denial-of-nassau-candidate-s-bid-is-business-as-usual-1.14063644,Nassau County,"Politics, local"
2017-08-17,Lawmakers must join forces to preserve Plum Island,https://www.newsday.com/opinion/editorial/lawmakers-must-join-forces-to-preserve-plum-island-1.14063715,Plum Island,Environmental issues
2017-08-16,Donald Trump is his presidency’s worst enemy,https://www.newsday.com/opinion/editorial/donald-trump-is-his-presidency-s-worst-enemy-1.14052516,"Donald Trump, concerns",
2017-08-15,"President Trump takes critical step vs. KKK, neo-Nazis, others",https://www.newsday.com/opinion/editorial/president-trump-takes-critical-step-vs-kkk-neo-nazis-others-1.14033679,"Donald Trump, concerns","Politics, national"
2017-08-14,Nation needs to hear President Trump denounce racist terrorism,https://www.newsday.com/opinion/editorial/nation-needs-to-hear-president-trump-denounce-racist-terrorism-1.14021377,"Donald Trump, concerns",Protests and free speech
2017-08-13,Transforming a suburban crossroads,https://www.newsday.com/opinion/editorial/inside-revitalizing-hicksville-1.13998459,Affordable housing,Future of Long Island
2017-08-11,Long Island high school football tragedy raises safety questions,https://www.newsday.com/opinion/editorial/long-island-high-school-football-tragedy-raises-safety-questions-1.13977485,Sports,Notable deaths
2017-08-11,Toughen state’s proposed rules on solid waste proposal,http://www.newsday.com/opinion/editorial/toughen-state-s-proposed-rules-on-solid-waste-proposal-1.13977957,Environmental issues,
2017-08-10,Residents need state’s pressure on Northrop Grumman polllution,https://www.newsday.com/opinion/editorial/residents-need-state-s-pressure-on-northrop-grumman-polllution-1.13963337,Environmental issues,Bethpage Plume
2017-08-09,"To fight opioid crisis, match words with federal funding",https://www.newsday.com/opinion/editorial/to-fight-opioid-crisis-match-words-with-federal-funding-1.13956465,Opioid epidemic,
2017-08-08,The Korean nuclear crisis and echoes of 1945,https://www.newsday.com/opinion/editorial/the-korean-nuclear-crisis-and-echoes-of-1945-1.13949239,North Korea,Foreign policy
2017-08-08,NYC needs more than a ploy to fund the MTA,https://www.newsday.com/opinion/editorial/nyc-needs-more-than-a-ploy-to-fund-the-mta-1.13952930,MTA,
2017-08-07,Nassau County’s inept paper chase for labor contracts,https://www.newsday.com/opinion/editorial/nassau-county-s-inept-paper-chase-for-labor-contracts-1.13929038,Nassau County,"Politics, local"
2017-08-07,Shut down Start-Up NY and revamp economic development efforts,https://www.newsday.com/opinion/editorial/shut-down-start-up-ny-and-revamp-economic-development-efforts-1.13929070,Future of Long Island,New York State
2017-08-06,Fix the crumbling LIRR tunnel under the East River,https://www.newsday.com/opinion/editorial/new-york-city-s-crumbling-train-tubes-1.13927801,LIRR,Amtrak
2017-08-04,A lot riding on new team at top of the MTA,https://www.newsday.com/opinion/editorial/a-lot-riding-on-new-team-at-top-of-the-mta-1.13921707,LIRR,MTA
2017-08-04,Keep Long Island red-light cameras about safety,https://www.newsday.com/opinion/editorial/keep-long-island-red-light-cameras-about-safety-1.13921801,"Politics, local",Policing
2017-08-03,What is happening in the Trump administration?,https://www.newsday.com/opinion/editorial/what-is-happening-in-the-trump-administration-1.13912293,Immigration,"Donald Trump, concerns"
2017-08-02,Use every tool to reduce Long Island’s tax burden,https://www.newsday.com/opinion/editorial/use-every-tool-to-reduce-long-island-s-tax-burden-1.13902697,"Taxes, federal",
2017-08-02,Gov. Cuomo should sign improved water-protection plan,https://www.newsday.com/opinion/editorial/gov-cuomo-should-sign-improved-water-protection-plan-1.13902340,Environmental issues,Water
2017-08-01,Fix nation’s health care from the political middle,https://www.newsday.com/opinion/editorial/fix-nation-s-health-care-from-the-political-middle-1.13894924,Health care,
2017-08-01,Outlaw cross-party ballot endorsements in New York State,https://www.newsday.com/opinion/editorial/outlaw-cross-party-ballot-endorsements-in-new-york-state-1.13894842,"Politics, local",
2017-12-01,GOP is hurrying on taxes so Americans won’t see the truth,https://www.newsday.com/opinion/editorial/gop-botches-tax-reform-1.15264229,"Taxes, federal",
2017-07-31,New formula for NY Regents exams,https://www.newsday.com/opinion/editorial/new-formula-for-n-y-regents-exams-1.13865532,Education,Standardized testing
2017-07-30,West Wing woes for President Trump,https://www.newsday.com/opinion/editorial/president-donald-trump-s-week-1.13864366,"Donald Trump, administration","Politics, national"
2017-07-28,Contempt from Trump’s administration,https://www.newsday.com/opinion/editorial/contempt-from-trump-s-administration-1.13852457,"Donald Trump, administration",LGBTQ issues
2017-07-27,An opportunity for Trump on Long Island,https://www.newsday.com/opinion/editorial/an-opportunity-for-trump-on-long-island-1.13834091,Gang violence,Immigration
2017-07-26,"MTA’s plan to fix subway needs city, state",https://www.newsday.com/opinion/editorial/mta-s-plan-to-fix-subway-needs-city-state-1.13824166,New York City,MTA
2017-07-25,Albany needs to pass reforms to make voting easier,https://www.newsday.com/opinion/editorial/albany-needs-to-pass-reforms-to-make-voting-easier-1.13820864,Albany,Voting
2017-07-25,Jared Kushner seems to have trouble remembering things,https://www.newsday.com/opinion/editorial/jared-kushner-seems-to-have-trouble-remembering-things-1.13820811,"Politics, national",Jared Kushner
2017-07-24,A new chance to grow Belmont Park,https://www.newsday.com/opinion/editorial/a-new-chance-to-grow-belmont-park-1.13815660,Belmont,Future of Long Island
2017-07-24,State should reverse error and recognize Montauketts,https://www.newsday.com/opinion/editorial/state-should-reverse-error-and-recognize-montauketts-1.13815973,Native American rights,
2017-07-23,Long Island’s future is on the right track,https://www.newsday.com/opinion/editorial/long-island-s-future-on-the-right-track-1.13814784,Future of Long Island,"LIRR, third track project"
2017-07-21,President Trump dare not try to fire special counsel Mueller,https://www.newsday.com/opinion/editorial/president-trump-dare-not-fire-special-counsel-robert-mueller-1.13813033,Robert Mueller,"Donald Trump, concerns"
2017-07-20,"With approvals of big projects, LI steps boldly into future",https://www.newsday.com/opinion/editorial/with-approvals-of-big-projects-li-steps-boldly-into-future-1.13810672,Future of Long Island,
2017-07-19,The health care war’s ugly cultural underbelly,https://www.newsday.com/opinion/editorial/what-s-next-for-health-care-reform-1.13807782,Health care,
2017-07-18,Choice shouldn’t be to preserve land or harness the sun,https://www.newsday.com/opinion/editorial/choice-shouldn-t-be-to-preserve-land-or-harness-the-sun-1.13806192,Solar power,Environmental issues
2017-07-17,It’s business as usual for Nassau GOP Inc.,https://www.newsday.com/opinion/editorial/nassau-gop-protects-its-own-with-civil-service-appointments-1.13801456,Ending corruption,
2017-07-17,Babylon voters will have a competitive election. That’s good news for taxpayers,https://www.newsday.com/opinion/editorial/babylon-voters-will-have-a-competitive-election-that-s-good-news-for-taxpayers-1.13801292,Town of Babylon,
2017-07-16,"LIRR will get a critical expansion, but we’re not done dreaming",https://www.newsday.com/opinion/editorial/lirr-will-get-a-critical-expansion-but-we-re-not-done-dreaming-big-for-regional-transit-1.13801225,Regional thinking,Future of Long Island
2017-07-14,Senate health plan 2.0 still would hurt millions,https://www.newsday.com/opinion/editorial/what-we-think-of-gop-health-plan-1.13799587,Health care,
2017-07-13,OK of LIRR third track is a huge moment for Long Island,https://www.newsday.com/opinion/editorial/applauding-lirr-third-track-approval-1.13797150,Future of Long Island,"LIRR, third track project"
2017-07-12,‘Nothing’ sure looks like something in Trump-Russia probe,https://www.newsday.com/opinion/editorial/nothing-sure-looks-like-something-in-trump-russia-probe-1.13795289,"Donald Trump, concerns",
2017-07-11,Protect the nation’s voting systems from hackers ,https://www.newsday.com/opinion/editorial/protect-the-nation-s-voting-systems-from-hackers-1.13793078,Voting,"Donald Trump, concerns"
2017-07-10,Steady growth must be MacArthur Airport’s flight plan,https://www.newsday.com/opinion/editorial/steady-growth-must-be-macarthur-airport-s-flight-plan-1.13788448,MacArthur Airport,
2017-07-09,Take politics out of the LIRR’s third-track project ,https://www.newsday.com/opinion/editorial/let-commuters-win-lirr-third-track-political-game-1.13787905,"LIRR, third track project",
2017-07-07,Keep a closer eye on the Nassau County jail,https://www.newsday.com/opinion/editorial/keep-a-closer-eye-on-the-nassau-county-jail-1.13786112,Nassau County,
2017-07-06,"Russia, North Korea raise the global stakes for Trump",https://www.newsday.com/opinion/editorial/russia-north-korea-raise-the-global-stakes-for-trump-1.13784044,Foreign policy,North Korea
2017-07-05,Discipline of our police shouldn’t be secret,https://www.newsday.com/opinion/editorial/discipline-of-our-police-shouldn-t-be-secret-1.13776223,Policing,
2017-07-05,Give college applicants more info to compare,https://www.newsday.com/opinion/editorial/give-college-applicants-more-info-to-compare-1.13776201,Education,
2017-07-03,A long holiday to relax and unplug,https://www.newsday.com/opinion/editorial/a-long-holiday-to-relax-and-unplug-1.13775756,Independence Day,
2017-07-02,Where is Trump the builder?,https://www.newsday.com/opinion/editorial/where-is-trump-the-builder-1.13775692,"Donald Trump, administration",Infrastructure
2017-07-01,The stench of ‘lulu’ payments saturates Albany,https://www.newsday.com/opinion/editorial/the-stench-of-lulu-payments-saturates-albany-1.13775660,Albany,Ending corruption
2017-01-01,Newsday’s wishes for 2017,https://www.newsday.com/opinion/editorial/newsday-s-wishes-for-2017-1.12822382,Future of Long Island,
2017-01-02,Past time to help the homeless,https://www.newsday.com/opinion/editorial/past-time-to-help-the-homeless-on-long-island-1.12822187,Homelessness,
2017-01-03,Honor vow to protect farms,https://www.newsday.com/opinion/editorial/honor-vow-to-protect-farms-on-long-island-1.12822022,Farms,Suffolk County
2017-01-04,How best to pay for education in New York State?,https://www.newsday.com/opinion/editorial/how-best-to-pay-for-education-in-new-york-state-1.12858572,Education,
2017-01-05,"For safety, bring LIRR up to date",https://www.newsday.com/opinion/editorial/for-safety-bring-lirr-up-to-date-1.12865625,LIRR,
2017-01-05,Town of Oyster Bay faces a rough road to honest government,https://www.newsday.com/opinion/editorial/town-of-oyster-bay-s-rough-road-to-honest-gov-t-1.12865658,Town of Oyster Bay,Ending corruption
2017-01-06,"Free-tuition plan is laudable, but too hazy to pass",https://www.newsday.com/opinion/editorial/free-tuition-plan-is-laudable-but-too-hazy-to-pass-1.12871837,"Politics, state",Education
2017-01-08,Our wish list for Albany in 2017,https://www.newsday.com/opinion/editorial/our-wish-list-for-albany-in-2017-1.12876413,Albany,"Politics, state"
2017-01-09,President-elect Trump not smart to diss U.S. intelligence,https://www.newsday.com/opinion/editorial/president-elect-trump-not-smart-to-diss-u-s-intelligence-1.12878540,"Donald Trump, concerns",
2017-01-10,Make sure all Trump Cabinet choices are above suspicion ,https://www.newsday.com/opinion/editorial/make-sure-all-donald-trump-cabinet-choices-are-above-suspicion-1.12908996,"Donald Trump, administration","Politics, national"
2017-01-11,Gov. Andrew Cuomo’s vision for Long Island also a big challenge,https://www.newsday.com/opinion/editorial/gov-andrew-cuomo-s-vision-for-long-island-also-a-big-challenge-1.12920933,Future of Long Island,Andrew Cuomo
2017-01-12,Donald Trump still a president-in-waiting,https://www.newsday.com/opinion/editorial/donald-trump-s-disconcerting-press-conference-1.12940363,"Donald Trump, concerns",
2017-01-13,Set new course at Kings Point,https://www.newsday.com/opinion/editorial/set-new-course-at-kings-point-1.12945840,Merchant Marine Academy,
2017-01-13,"Yes, kids can avoid peanut allergies",https://www.newsday.com/opinion/editorial/it-s-safe-to-give-your-kids-peanuts-1.12950376,Exciting science research,
2017-01-15,Obamacare is a hard act to follow,https://www.newsday.com/opinion/editorial/obamacare-is-a-hard-act-to-follow-1.12952867,Health care,
2017-01-16,Low crime and high police costs on Long Island,https://www.newsday.com/opinion/editorial/low-crime-and-high-police-costs-on-long-island-1.12953092,Policing,
2017-01-16,Give all same shot at good OTB jobs,https://www.newsday.com/opinion/editorial/give-all-same-shot-at-good-otb-jobs-1.12953057,OTB,Suffolk Casino
2017-01-17,Clean drinking water finally a priority,https://www.newsday.com/opinion/editorial/clean-drinking-water-finally-a-priority-1.12953192,Bethpage plume,
2017-01-18,File a smarter flight plan for Long Island MacArthur Airport,https://www.newsday.com/opinion/editorial/file-a-smarter-flight-plan-for-long-island-macarthur-airport-1.12972295,MacArthur Airport,
2017-01-19,Nassau officials dropped ball on tax break for seniors,https://www.newsday.com/opinion/editorial/nassau-officials-dropped-ball-on-tax-break-for-seniors-1.12978958,"Taxes, property",Nassau County
2017-01-19,"$3,100 a month in rent isn’t ‘affordable housing’",https://www.newsday.com/opinion/editorial/3-100-a-month-in-rent-isn-t-affordable-housing-1.12978997,Affordable housing,Suffolk County
2017-01-20,Donald Trump must rise to the moment in inaugural address,https://www.newsday.com/opinion/editorial/donald-trump-must-rise-to-the-moment-in-inaugural-speech-1.12985082,"Donald Trump, hopes",
2017-01-21,Donald Trump’s inaugural sends a clear — if chilling — message,https://www.newsday.com/opinion/editorial/donald-trump-s-inaugural-sends-a-clear-if-chilling-message-1.12990937,"Donald Trump, administration",
2017-01-22,"At women’s marches, Democracy strikes back at Donald Trump",https://www.newsday.com/opinion/editorial/at-women-s-marches-democracy-strikes-back-at-donald-trump-1.12995236,Protests and free speech,
2017-01-23,Do more than rename Start-Up NY,https://www.newsday.com/opinion/editorial/do-more-than-rename-start-up-ny-1.12991187,Economic development,
2017-01-23,Don’t make certification easier for New York teachers,https://www.newsday.com/opinion/editorial/don-t-make-certification-easier-for-new-york-teachers-1.12991190,Education,
2017-01-24,Fix Nassau assessments problem,https://www.newsday.com/opinion/editorial/fix-nassau-assessments-problem-1.13001896,"Taxes, property",Nassau County
2017-01-24,Inject urgency into fight to save trees from beetles,https://www.newsday.com/opinion/editorial/inject-urgency-into-fight-to-save-trees-from-beetles-1.13002027,Pine beetle,Environmental issues
2017-01-25,White House undermining transparency and the truth ,https://www.newsday.com/opinion/editorial/the-end-of-washington-norms-1.13008908,"Donald Trump, concerns",
2017-01-26,Reverse-commute numbers explain LIRR’s need to grow,https://www.newsday.com/opinion/editorial/reverse-commute-numbers-explain-lirr-s-need-to-grow-1.13014602,LIRR,
2017-01-26,It’s everyone’s job to watch out for Long Island’s parks,https://www.newsday.com/opinion/editorial/stop-dumping-in-our-long-island-parks-1.13014617,Illegal dumping,Coram
2017-01-27,Betsy DeVos is wrong choice for education secretary,https://www.newsday.com/opinion/editorial/betsy-devos-is-wrong-choice-for-education-secretary-1.13020856,"Donald Trump, administration",Education
2017-01-29,Give Kennedy Airport new wings to fly,https://www.newsday.com/opinion/editorial/time-to-land-jfk-renovation-too-1.13026222,Kennedy Airport,
2017-01-30,Donald Trump immigration order bungled efforts to keep nation safe,https://www.newsday.com/opinion/editorial/donald-trump-immigration-order-bungled-efforts-to-keep-nation-safe-1.13032467,"Donald Trump, administration",National security
2017-01-31,"LIRR riders deserve better service, especially on East End ",https://www.newsday.com/opinion/editorial/lirr-riders-deserve-better-service-especially-on-east-end-1.13026628,LIRR,
2017-02-01,Donald Trump must respect independence of Justice Dept.,https://www.newsday.com/opinion/editorial/donald-trump-administration-must-preserve-ag-office-integrity-1.13044642,"Donald Trump, concerns","Politics, national"
2017-02-02,Resist revenge for GOP blockage of Merrick Garland,https://www.newsday.com/opinion/editorial/resist-revenge-for-merrick-garland-1.13051420,"Donald Trump, concerns","Politics, national"
2017-02-03,Will Donald Trump pay heed to Secretary of State Tillerson?,https://www.newsday.com/opinion/editorial/will-donald-trump-pay-heed-to-secretary-of-state-tillerson-1.13056796,"Donald Trump, administration","Politics, national"
2017-02-03,"In U.S., even an agent of bigotry has right of free speech",https://www.newsday.com/opinion/editorial/in-u-s-even-an-agent-of-bigotry-has-right-of-free-speech-1.13056758,Protests and free speech,
2017-02-05,"Lawmakers should team up to protect, clean Long Island’s water",https://www.newsday.com/opinion/editorial/clean-long-island-water-is-worth-these-efforts-1.13061508,Environmental issues,Water
2017-02-06,Give local gov’t a smarter way to build big projects,https://www.newsday.com/opinion/editorial/design-build-should-be-open-to-all-1.13061965,"Politics, local",Future of Long Island
2017-02-07,Donald Trump out of bounds undermining judiciary,https://www.newsday.com/opinion/editorial/donald-trump-out-of-bounds-undermining-judiciary-1.13071646,"Donald Trump, concerns","Politics, national"
2017-02-07,NIFA right to make Nassau County pay,https://www.newsday.com/opinion/editorial/nassau-county-needs-to-fix-this-for-seniors-1.13071695,NIFA,Nassau County
2017-02-08,Find the will to fix broken tax system,https://www.newsday.com/opinion/editorial/nassau-county-fees-fines-high-services-too-few-1.13077542,"Taxes, property",Nassau County
2017-02-09,What’s wrong with Trump family behavior,https://www.newsday.com/opinion/editorial/trump-blurs-politics-and-the-personal-1.13083170,"Donald Trump, concerns","Donald Trump, administration"
2017-02-09,Muzzling Warren rightly backfires on McConnell,https://www.newsday.com/opinion/editorial/nevertheless-she-persisted-backfires-1.13083111,"Politics, national",
2017-02-10,It’s Mother Nature’s world — we just live in it,https://www.newsday.com/opinion/editorial/it-s-mother-nature-s-world-we-just-live-in-it-1.13097307,Environmental issues,
2017-02-10,Join forces to clean Lake Ronkonkoma water,https://www.newsday.com/opinion/editorial/join-forces-to-clean-lake-ronkonkoma-water-1.13094538,Environmental issues,Water
2017-02-12,President Donald Trump should rethink and rewrite travel ban,https://www.newsday.com/opinion/editorial/travel-ban-tests-u-s-political-system-1.13104720,"Donald Trump, concerns","Politics, national"
2017-02-13,Clear up unknowns around renovation of Nassau Coliseum,https://www.newsday.com/opinion/editorial/nassau-county-and-the-islanders-1.13104878,Nassau County,"Politics, local"
2017-02-14,Pricey drug gives President Trump his chance to hit Big Pharma,https://www.newsday.com/opinion/editorial/senseless-fda-act-on-drug-1.13117270,Opioid epidemic,"Donald Trump, concerns"
2017-02-14,Suffolk County should move cautiously on a drag racing site,https://www.newsday.com/opinion/editorial/suffolk-county-be-careful-about-drug-racing-1.13117305,Sports,"Politics, local"
2017-02-15,Congress must step up to probe Trump ties to Russia,https://www.newsday.com/opinion/editorial/donald-trump-has-questions-to-answer-after-michael-flynn-s-resignation-1.13124432,"Politics, national",
2017-02-16,Donald Trump right to restart quest for Middle East peace,https://www.newsday.com/opinion/editorial/donald-trump-on-israel-1.13130437,"Politics, national",Middle East
2017-02-17,Plastic bag problem now in Gov. Cuomo’s hands,https://www.newsday.com/opinion/editorial/plastic-bags-now-in-andrew-cuomo-s-hands-1.13136475,Environmental issues,"Politics, local"
2017-02-17,Gun-rights debate going further in the wrong direction,https://www.newsday.com/opinion/editorial/gun-rights-debate-goes-in-wrong-direction-1.13136666,Gun violence,"Politics, national"
2017-02-19,"30 days in, a tempest at the top of the government",https://www.newsday.com/opinion/editorial/donald-trump-s-presidency-30-days-in-1.13141378,"Donald Trump, concerns","Politics, national"
2017-02-20,"Pension contributions declined, so why don’t taxes?",https://www.newsday.com/opinion/editorial/pension-contributions-declined-so-should-li-taxes-1.13141565,Education,"Politics, local"
2017-02-20,Why isn’t East End solution good for all of Suffolk?,https://www.newsday.com/opinion/editorial/septic-lesson-for-suffolk-county-1.13141197,"Politics, local",Environmental issues
2017-02-21,"Route 110 project, Republic LIRR station need Cuomo’s muscle",https://www.newsday.com/opinion/editorial/get-route-110-development-right-1.13140941,LIRR,Future of Long Island
2017-02-22,Long Island gov’ts must innovate to cut property taxes,https://www.newsday.com/opinion/editorial/rooting-for-brookhaven-in-consolidation-1.13156386,"Taxes, property",Future of Long Island
2017-02-23,President Trump forces the issue of illegal immigration,https://www.newsday.com/opinion/editorial/immigration-balancing-act-under-donald-trump-1.13162122,Immigration ,"Donald Trump, concerns"
2017-02-24,Contract woes still bedevil Nassau County,https://www.newsday.com/opinion/editorial/fix-nassau-contracts-system-1.13168545,Nassau County,"Politics, local"
2017-02-24,Illegal-dumping battle is turning in nature’s favor,https://www.newsday.com/opinion/editorial/keep-fighting-illegal-dumping-1.13168513,Environmental issues,
2017-02-26,More obstruction will only magnify America’s problems,https://www.newsday.com/opinion/editorial/our-democracy-under-donald-trump-1.13173669,"Politics, national","Donald Trump, concerns"
2017-02-27,Start cleanup to clear path for Willets Pt.,https://www.newsday.com/opinion/editorial/start-cleanup-to-clear-path-for-willets-pt-1.13174191,Sports,"Politics, local"
2017-02-27,New York takes a bold step against underground toxic plume,https://www.newsday.com/opinion/editorial/progress-on-bethpage-plume-1.13174159,Environmental issues,Bethpage plume
2017-02-28,The real key to reining in Suffolk County’s growing debt,https://www.newsday.com/opinion/editorial/suffolk-county-fines-are-out-of-control-1.13184950,"Politics, local",Policing
2017-12-04,"For sake of children, Hempstead needs functional school board",https://www.newsday.com/opinion/editorial/for-sake-of-children-hempstead-needs-functional-school-board-1.15277527,Hempstead School District,Education
2017-12-03,A dream plan for the region,https://www.newsday.com/opinion/editorial/regional-plan-association-projects-long-island-1.15275641,Future of Long Island,
2017-03-01,"Donald Trump offers a mixed vision, with rays of light, in first Congressional address",https://www.newsday.com/opinion/editorial/donald-trump-offers-a-mixed-vision-with-rays-of-light-in-first-congressional-address-1.13191448,"Donald Trump, concerns","Politics, national"
2017-03-01,"There’s no secret how to fix Nassau, Suffolk county budgets",https://www.newsday.com/opinion/editorial/there-s-no-secret-how-to-fix-nassau-suffolk-county-budgets-1.13190829,"Politics, local",
2017-03-02,Donald Trump should remember that a good immigration deal should be humane,https://www.newsday.com/opinion/editorial/donald-trump-should-remember-that-a-good-immigration-deal-should-be-humane-1.13195141,Immigration,"Politics, national"
2017-03-02,"Suffolk bike path is progress, but we need more to keep cyclists safe",https://www.newsday.com/opinion/editorial/suffolk-bike-path-is-progress-but-we-need-more-to-keep-cyclists-safe-1.13195107,Suffolk County,Public safety
2017-03-03,"Jeff Sessions was right to step aside, but a special prosecutor is needed",https://www.newsday.com/opinion/editorial/jeff-sessions-was-right-to-step-aside-but-a-special-prosecutor-is-needed-1.13201706,"Donald Trump, concerns","Politics, national"
2017-03-03,Long Island deserves freedom from violent MS-13 gang,https://www.newsday.com/opinion/editorial/ms-13-gang-arrests-are-good-news-for-suffolk-county-1.13201045,Policing,Suffolk County
2017-03-05,"Next MTA chief will need to keep trains running, but also look to the future",https://www.newsday.com/opinion/editorial/next-mta-chief-will-need-to-keep-trains-running-but-also-look-to-the-future-1.13206448,Future of Long Island,MTA
2017-03-06,New York should fund help to prevent foreclosures,https://www.newsday.com/opinion/editorial/new-york-should-fund-help-to-prevent-foreclosures-1.13214531,Future of Long Island,Housing
2017-03-06,Flood assistance shouldn’t be the burden of just a few,https://www.newsday.com/opinion/letters/flood-assistance-shouldn-t-be-the-burden-of-just-a-few-1.13282818,Environmental issues,"Politics, local"
2017-03-07,"Congress must dig for truth on Russia, Trump and Obama",https://www.newsday.com/opinion/editorial/hold-donald-trump-accountable-on-wiretapping-claim-1.13217533,"Donald Trump, concerns",
2017-03-08,President Trump’s new travel ban still betrays American ideals,https://www.newsday.com/opinion/editorial/donald-trump-s-new-travel-ban-still-betrays-america-1.13223100,Immigration,"Donald Trump, concerns"
2017-03-09,Congressional health plan is a bad prescription,https://www.newsday.com/opinion/editorial/new-health-plan-won-t-cure-nation-s-ills-1.13229045,Health care,Congress
2017-03-10,Beware of WikiLeaks founder’s devious game,https://www.newsday.com/opinion/editorial/making-sense-of-wikileaks-cia-plot-1.13235081,"Donald Trump, concerns","Politics, national"
2017-03-12,President Trump mustn’t let haste make waste,https://www.newsday.com/opinion/editorial/what-donald-trump-has-accomplished-so-far-1.13240509,"Donald Trump, concerns","Politics, national"
2017-03-13,The wrong way to make us safer,https://www.newsday.com/opinion/editorial/the-wrong-way-to-make-us-safer-1.13241261,"Donald Trump, concerns","Politics, national"
2017-03-13,Let New York go ahead with savings proposal,https://www.newsday.com/opinion/editorial/let-new-york-go-ahead-with-savings-proposal-1.13241172,"Politics, state",
2017-03-14,Don’t clear 350 acres for a solar farm in Shoreham,https://www.newsday.com/opinion/editorial/what-lipa-should-do-about-shoreham-solar-proposal-1.13253659,Environmental issues,Suffolk County
2017-03-15,Trump administration cuts will hurt weather forecasting,https://www.newsday.com/opinion/editorial/trump-administration-cuts-will-hurt-weather-forecasting-1.13261626,Environmental issues,"Donald Trump, concerns"
2017-03-16,Donald Trump’s tax returns are a matter of national security,https://www.newsday.com/opinion/editorial/donald-trump-should-just-release-his-tax-returns-1.13270211,"Donald Trump, concerns","Taxes, federal"
2017-03-16,Is Yahoo hacking case the tip of a Russian iceberg?,https://www.newsday.com/opinion/editorial/is-yahoo-hacking-case-tip-of-the-iceberg-1.13270200,"Politics, national",
2017-03-17,Albany should ban Mayor de Blasio’s fundraising method,https://www.newsday.com/opinion/editorial/bill-de-blasio-off-the-hook-1.13276091,New York City,"Politics, local"
2017-03-17,President Donald Trump should move on to careful vetting,https://www.newsday.com/opinion/editorial/new-dent-in-trump-s-travel-ban-1.13275777,Immigration,"Donald Trump, concerns"
2017-03-19,Donald Trump’s presidency is wandering off course,https://www.newsday.com/opinion/editorial/another-week-of-donald-trump-1.13280948,"Donald Trump, administration","Donald Trump, concerns"
2017-03-20,President Trump’s wiretap claim has become a clown show,https://www.newsday.com/opinion/editorial/donald-trump-s-wiretapping-claim-1.13281831,"Donald Trump, concerns",
2017-03-20,Goal must be clean waters,http://www.newsday.com/opinion/editorial/state-funds-just-a-start-to-clean-li-s-waterways-1.13280888,Sewers,Suffolk County
2017-03-21,Investigation a ‘big gray cloud’ hanging over President Trump,https://www.newsday.com/opinion/editorial/what-we-learned-from-james-comey-testimony-1.13292574,"Donald Trump, concerns",
2017-03-22,Obamacare replacement bill is a train wreck for New York,https://www.newsday.com/opinion/editorial/new-york-s-health-insurance-potential-carve-out-1.13297832,Health care,
2017-03-23,Obamacare repeal bill is too damaged to pass,https://www.newsday.com/opinion/editorial/obamacare-repeal-bill-is-too-damaged-to-pass-1.13303530,Health care,
2017-03-23,A better way to use and dispose of excess food,https://www.newsday.com/opinion/editorial/a-better-way-to-use-and-dispose-of-excess-food-1.13303616,Environmental issues,
2017-03-24,Republicans must go back and write a better health plan,https://www.newsday.com/opinion/editorial/republicans-must-go-back-and-write-a-better-health-plan-1.13308861,Health care,"Politics, national"
2017-03-24,"After terror attack, London bravely carries on — as it must",https://www.newsday.com/opinion/editorial/after-terror-attack-london-bravely-carries-on-as-it-must-1.13308978,Terrorism,
2017-03-26,Albany's budget stew simmers,http://www.newsday.com/opinion/editorial/what-we-d-like-to-see-in-the-next-new-york-state-budget-1.13313151,New York State,Albany
2017-03-27,It’s time for voters to force a change in Nassau’s contracting process,https://www.newsday.com/opinion/editorial/it-s-time-for-voters-to-force-a-change-in-nassau-s-contracting-process-1.13313566,Nassau County,Stop the madness
2017-03-27,New mayor of Hempstead Village must lead on development,https://www.newsday.com/opinion/editorial/new-mayor-of-hempstead-village-must-lead-on-development-1.13314081,Future of Long Island,
2017-03-28,Make Washington work better,https://www.newsday.com/opinion/editorial/make-our-government-work-better-1.13323117,"Politics, national","Donald Trump, administration "
2017-03-29,President Trump goes in reverse on the environment,https://www.newsday.com/opinion/editorial/damage-trump-caused-to-environment-1.13329568,Environmental issues,"Donald Trump, concerns"
2017-03-30,The tide might be turning on Long Island affordable housing,https://www.newsday.com/opinion/editorial/tide-s-turning-on-long-island-affordable-housing-1.13334288,Future of Long Island,Affordable housing
2017-03-31,Here’s quickest way to make the Southern State Parkway safer,https://www.newsday.com/opinion/editorial/the-best-answer-to-road-safety-1.13340406,Policing,Driving
2017-03-31,Get nepotism out of Long Island government,https://www.newsday.com/opinion/editorial/get-nepotism-out-of-long-island-government-1.13340472,Stop the madness,Nassau County
2017-12-05,Trump must not try to thwart special counsel Mueller,https://www.newsday.com/opinion/editorial/donald-trump-flynn-1.15314876,"Donald Trump, concerns",Robert Mueller
2017-06-01,A tiny ray of hope in deadly opioid wars,https://www.newsday.com/opinion/editorial/drug-law-slowly-working-1.13696912,Opioid epidemic,
2017-06-01,On the button: a nudge to subway civility,https://www.newsday.com/opinion/editorial/on-the-button-a-nudge-to-subway-civility-1.13668923,MTA,New York City
2017-06-02,"After Paris pullout, Americans can do their part on climate",https://www.newsday.com/opinion/editorial/after-paris-pullout-americans-can-do-their-part-on-climate-1.13701237,Climate change,
2017-06-04,Population decline could reshape Long Island,https://www.newsday.com/opinion/editorial/why-residents-are-leaving-long-island-1.13703746,Future of Long Island,Demographics
2017-06-05,Failed tax-assessment system is key issue for Nassau voters,https://www.newsday.com/opinion/editorial/nassau-s-failed-tax-assessment-system-1.13703841,"Taxes, property",Nassau County
2017-06-06,Stop politicizing London attacks and stigmatizing Muslims,https://www.newsday.com/opinion/editorial/dissecting-trump-s-travel-ban-tweets-1.13709999,"Donald Trump, concerns",National security
2017-06-06,Leave these decisions for the next Nassau County executive,https://www.newsday.com/opinion/editorial/lots-going-on-in-nassau-1.13709996,Nassau County,
2017-06-07,Welcome Uber to the suburbs,https://www.newsday.com/opinion/editorial/welcome-uber-to-the-suburbs-1.13712004,Ride-hailing apps,
2017-06-07,Do this to protect LI’s water,https://www.newsday.com/opinion/editorial/do-this-to-protect-li-s-water-1.13711964,Water,
2017-06-08,Ex-FBI director paints disturbing picture of talks with Trump,https://www.newsday.com/opinion/editorial/cheat-sheet-for-this-presidential-chaos-1.13715595,"Donald Trump, concerns",James Comey
2017-06-09,Comey hearing shows Democracy taking charge in Washington,https://www.newsday.com/opinion/editorial/finding-hope-in-explosive-comey-testimony-1.13721864,"Donald Trump, concerns",James Comey
2017-06-11,Don’t block many benefits of third track for LIRR Main Line,https://www.newsday.com/opinion/editorial/lirr-third-track-s-time-is-now-1.13725799,"LIRR, third track project",
2017-06-12,Privatized air traffic control plan could fly right,https://www.newsday.com/opinion/editorial/privatized-air-traffic-control-plan-could-fly-right-1.13726616,Air traffic control,"Donald Trump, administration"
2017-06-13,The LIRR braces for ‘summer of hell’,https://www.newsday.com/opinion/editorial/the-good-and-bad-in-lirr-s-summer-of-hell-plan-1.13732100,LIRR,MTA
2017-06-14,Jeff Sessions does little to inspire public confidence,https://www.newsday.com/opinion/editorial/what-jeff-sessions-hearing-shows-us-1.13734892,Jeff Sessions,"Politics, national"
2017-06-15,"U.S. politics must be a debate, not a war",https://www.newsday.com/opinion/editorial/u-s-politics-must-be-a-debate-not-a-war-1.13737024,Gun violence,"Politics, national"
2017-06-16,Important day for future of the Long Island Rail Road,https://www.newsday.com/opinion/editorial/new-turn-in-lirr-third-track-negotiation-1.13740432,"LIRR, third track project",
2017-06-18,Striking out in political unity,https://www.newsday.com/opinion/editorial/striking-out-in-political-unity-1.13743293,"Politics, national",
2017-06-19,9/11 officers deserve our support,https://www.newsday.com/opinion/editorial/9-11-officers-deserve-our-support-1.13743139,First responders,9/11
2017-06-19,New York shouldn’t shun Tesla,https://www.newsday.com/opinion/editorial/new-york-shouldn-t-shun-tesla-1.13743111,Government regulation,
2017-06-20,What Albany needs to get done this week,https://www.newsday.com/opinion/editorial/what-albany-needs-to-get-done-this-week-1.13748708,Albany,
2017-06-21,Reject Sen. Hannon’s desperate bid to block third track,https://www.newsday.com/opinion/editorial/long-island-needs-third-track-1.13751202,"LIRR, third track project",
2017-06-21,Nation needs rules for fair election maps,https://www.newsday.com/opinion/editorial/nation-needs-rules-for-fair-election-maps-1.13751450,Special elections,Gerrymandering
2017-06-22,Nassau should move on ride-hailing services,https://www.newsday.com/opinion/editorial/nassau-should-move-on-ride-hailing-services-1.13753742,Ride-hailing apps,Nassau County
2017-06-22,The right stewardship needed at Kings Point,https://www.newsday.com/opinion/editorial/the-right-stewardship-needed-at-kings-point-1.13753697,Merchant Marine Academy,
2017-06-23,Senate bill a tax cut for the rich dressed up as health reform,https://www.newsday.com/opinion/editorial/senate-gop-health-care-bill-up-to-bat-1.13756878,Health care,
2017-06-25,New chairman must fix derailed MTA and lead it into future,https://www.newsday.com/opinion/editorial/getting-the-mta-back-on-track-1.13759417,MTA,Joseph Lhota
2017-06-26,A sad merry-go-round in Hempstead schools,https://www.newsday.com/opinion/editorial/a-sad-merry-go-round-in-hempstead-schools-1.13760049,Hempstead School District,
2017-06-26,Unfortunate cracks in unified opioid fight,https://www.newsday.com/opinion/editorial/unfortunate-cracks-in-unified-opioid-fight-1.13760072,Opioid epidemic,
2017-06-27,A Supreme Court cliff-hanger on travel ban,https://www.newsday.com/opinion/editorial/a-supreme-court-cliff-hanger-on-travel-ban-1.13765481,Supreme Court,"Donald Trump, administration"
2017-06-27,Shifting boundaries on religious liberty,https://www.newsday.com/opinion/editorial/shifting-boundaries-on-religious-liberty-1.13765575,Supreme Court,Religious freedom
2017-06-28,"If health care plan is good, GOP should take time to defend it",https://www.newsday.com/opinion/editorial/if-health-care-plan-is-good-gop-should-take-time-to-defend-it-1.13768213,Health care,
2017-06-29,Clear the rails for the LIRR third track,https://www.newsday.com/opinion/editorial/let-the-lirr-third-track-through-1.13770355,"LIRR, third track project",
2017-06-30,Oyster Bay indictments reveal a betrayal of trust,https://www.newsday.com/opinion/editorial/oyster-bay-indictments-reveal-a-betrayal-of-trust-1.13773807,Town of Oyster Bay,Ending corruption
2017-05-01,Amtrak still on the wrong track at Penn Station,https://www.newsday.com/opinion/editorial/amtrak-still-on-the-wrong-track-1.13539480,MTA,Amtrak
2017-05-02,Budget deal demonstrates a sliver of sanity in Washington,https://www.newsday.com/opinion/editorial/budget-deal-demonstrates-a-sliver-of-sanity-in-washington-1.13550500,"Politics, national",
2017-05-03,Next MTA chief should work overtime to cut these costs,https://www.newsday.com/opinion/editorial/next-mta-chief-should-work-overtime-to-cut-these-costs-1.13556353,MTA,
2017-05-03,Invitations to dictators squander stature of U.S.,https://www.newsday.com/opinion/editorial/invitations-to-dictators-squander-stature-of-u-s-1.13556378,Foreign policy,"Donald Trump, concerns"
2017-05-04,Don’t miss this chance to think really big for Long Island,https://www.newsday.com/opinion/editorial/how-to-fix-regional-economic-development-council-contest-1.13561514,Future of Long Island,
2017-05-04,Infrastructure is a win just waiting for President Trump,https://www.newsday.com/opinion/editorial/improved-roads-badly-needed-1.13561567,Travel,"Politics, national"
2017-05-05,New American Health Care Act is snake oil,https://www.newsday.com/opinion/editorial/american-health-care-act-problems-1.13567594,Health care,"Politics, national"
2017-05-07,Long Island’s energy future may be blowin’ in the wind,https://www.newsday.com/opinion/editorial/long-island-and-renewable-energy-1.13571234,Environmental issues,Future of Long Island
2017-05-08,Update the ways New York votes,https://www.newsday.com/opinion/editorial/voters-are-fed-up-1.13571772,New York State,Voting
2017-05-09,The White House isn’t for sale by Trump insiders,https://www.newsday.com/opinion/editorial/cut-all-conflicts-of-interests-1.13583071,"Donald Trump, administration ","Donald Trump, concerns"
2017-05-10,"After Comey firing, Trump-Russia probe needs special counsel",https://www.newsday.com/opinion/editorial/what-donald-trump-firing-fbi-director-james-comey-means-1.13589105,"Donald Trump, concerns","Politics, national"
2017-05-11,Congress must assure nation of unimpeded Russia probe,https://www.newsday.com/opinion/editorial/the-nation-must-be-reassured-1.13604348,"Donald Trump, concerns","Politics, national"
2017-05-12,MS-13 gang legislation is a bandwagon fix,https://www.newsday.com/opinion/editorial/ms-13-gang-legislation-is-a-bandwagon-fix-1.13615296,Policing,Gang violence
2017-05-14,"NY makes progress since Common Core, but opt-outs a big challenge",https://www.newsday.com/opinion/editorial/the-future-of-common-core-opt-out-1.13625270,Education,New York State
2017-05-15,A foolish add to bad health care bill,https://www.newsday.com/opinion/editorial/how-ahca-will-hurt-new-york-1.13626548,Health care,"Politics, national"
2017-05-15,Don’t keep taxpayers in the dark about pay hikes,https://www.newsday.com/opinion/editorial/shame-on-these-li-villages-1.13626771,"Politics, local",
2017-05-16,"In Long Beach, it’s the Superblock tax-break follies",https://www.newsday.com/opinion/editorial/long-beach-superblock-an-ida-poster-child-1.13638162,"Politics, local",
2017-05-16,Start-Up NY boon or bust? Don’t hide data,https://www.newsday.com/opinion/editorial/start-up-ny-boon-or-bust-don-t-hide-data-1.13638251,New York State,
2017-05-17,The one-page briefing Donald Trump needs to read,https://www.newsday.com/opinion/editorial/the-one-page-briefing-donald-trump-needs-to-read-1.13641038,"Donald Trump, concerns","Politics, national"
2017-05-18,America can handle the truth,https://www.newsday.com/opinion/editorial/america-can-handle-the-truth-1.13643763,"Politics, national","Donald Trump, concerns"
2017-05-19,Ban cross-endorsements on election ballots,https://www.newsday.com/opinion/editorial/time-to-fix-politics-in-suffolk-1.13647543,"Politics, local",Voting
2017-05-21,Attorney General Sessions going wrong way on drugs and prison,https://www.newsday.com/opinion/editorial/fighting-drug-addiction-will-take-more-than-mandatory-minimums-1.13649791,"Politics, national","Donald Trump, administration"
2017-05-22,Northport VA hospital needs immediate care,https://www.newsday.com/opinion/editorial/northport-va-hospital-needs-immediate-care-1.13649952,Military,"Politics, national"
2017-05-22,Give DEC more officers to find illegal dumpers,https://www.newsday.com/opinion/editorial/editorial-give-dec-more-officers-to-find-illegal-dumpers-1.13649961,Environmental issues,Suffolk County
2017-05-23,Extension for Haitians is the humane move,https://www.newsday.com/opinion/editorial/haitian-tps-extension-isn-t-enough-1.13656187,Foreign policy,
2017-05-23,"State Senate, Cuomo should get voter reform done",https://www.newsday.com/opinion/editorial/reform-voting-in-new-york-now-1.13656195,Albany,Voting
2017-05-24,"fter Manchester bombing, we persist and mourn",https://www.newsday.com/opinion/editorial/after-manchester-bombing-we-persist-and-mourn-1.13658624,Terrorism,
2017-05-25,Let the LIRR third track go forward,https://www.newsday.com/opinion/editorial/let-the-lirr-third-track-go-forward-1.13661652,"LIRR, third track project",
2017-05-25,Congressional analysis confirms fears about GOP health bill,https://www.newsday.com/opinion/editorial/congressional-analysis-confirms-fears-about-gop-health-bill-1.13662168,Health care,"Politics, national"
2017-05-26,Critical to have Cuomo aboard to ease disruption at Penn,https://www.newsday.com/opinion/editorial/critical-to-have-cuomo-aboard-to-ease-disruption-at-penn-1.13665104,MTA,LIRR
2017-05-28,Donald Trump’s budget betrays the voters who elected him,https://www.newsday.com/opinion/editorial/donald-trump-s-budget-betrays-the-voters-who-elected-him-1.13667655,"Donald Trump, concerns","Politics, national"
2017-05-29,"On Memorial Day, remember to honor the defenders of our freedom",https://www.newsday.com/opinion/editorial/on-memorial-day-remember-to-honor-the-brave-especially-from-wwii-1.13667940,"Politics, national",
2017-05-30,Why New York State might vote to do the con-con,https://www.newsday.com/opinion/editorial/albany-needs-to-respond-to-important-issues-or-face-constitutional-convention-1.13668282,New York State,Con-Con
2017-05-30,Don’t delay standards for toxins in our water,http://www.newsday.com/opinion/editorial/state-right-to-form-drinking-water-council-to-deal-with-1-4-dioxane-1.13668404,Water,Environmental issues
2017-05-31,Good reasons for Trump to stay in Paris accord,http://www.newsday.com/opinion/editorial/paris-agreement-must-hold-1.13494430,Environmental issues,"Politics, national"
2017-04-02,Truth and consequences for Trump,https://www.newsday.com/opinion/editorial/russia-and-the-trump-administration-1.13344859,"Donald Trump, administration","Politics, national"
2017-04-03,Push LI poverty out of the shadows,https://www.newsday.com/opinion/editorial/growing-poverty-on-long-island-1.13345480,Future of Long Island,Poverty
2017-04-03,Public information should be public,https://www.newsday.com/opinion/editorial/public-information-should-be-public-1.13345520,Protests and free speech,
2017-04-04,"Deadline is gone, but get NY State budget right in Albany",https://www.newsday.com/opinion/editorial/budget-crunch-time-in-albany-1.13355937,Albany,
2017-04-05,What's behind belated outrage over Mangano,https://www.newsday.com/opinion/editorial/why-nassau-gop-was-late-the-mangano-resignation-party-1.13361733,Nassau County,Stop the madness
2017-04-06,President Trump is right — Syria is now his problem,https://www.newsday.com/opinion/editorial/president-trump-is-right-syria-is-now-his-problem-1.13367680,Syria,Foreign policy
2017-04-07,Senate ruling is a losing decision for the Supreme Court,https://www.newsday.com/opinion/editorial/what-s-wrong-with-supreme-court-confirmation-process-1.13367236,Supreme Court,"Donald Trump, concerns"
2017-04-08,Avoid prolonged U.S. military role in Syria; push for peace,https://www.newsday.com/opinion/editorial/avoid-prolonged-u-s-military-role-in-syria-push-for-peace-1.13378262,Syria,Military
2017-04-09,Take Penn Station out of Amtrak’s incompetent hands,https://www.newsday.com/opinion/editorial/how-to-fix-commuting-mess-from-lirr-amtrack-1.13378185,MTA,Amtrak
2017-04-10,A tool to track debris disposal on Long Island,https://www.newsday.com/opinion/editorial/a-tool-to-track-debris-disposal-on-long-island-1.13378478,Environmental issues,
2017-04-10,ATV ban is a smart proposal in North Hempstead,https://www.newsday.com/opinion/editorial/atv-ban-is-smart-move-1.13378444,Public safety,
2017-04-11,"Some wins, some losses in New York’s budget war",https://www.newsday.com/opinion/editorial/we-finally-have-a-new-york-state-budget-1.13418136,Albany,
2017-04-12,Slings and arrows of air travel,https://www.newsday.com/opinion/editorial/slings-and-arrows-of-air-travel-1.13436305,Travel,
2017-04-12,"Text or drive, but not both",https://www.newsday.com/opinion/editorial/text-or-drive-but-not-both-1.13434403,Driving,
2017-04-13,More reversals from Trump,https://www.newsday.com/opinion/editorial/donald-trump-s-russia-reversal-1.13449442,"Donald Trump, concerns",
2017-04-13,Fear of too much failure driving standards,https://www.newsday.com/opinion/editorial/wrong-motive-for-not-raising-passing-scores-on-regents-1.13449339,Education,New York State
2017-04-14,Pulling out all stops to end violence,https://www.newsday.com/opinion/editorial/killings-must-stop-on-long-island-1.13461932,Policing,Gang violence
2017-04-14,Only an overhaul will help fix at Nassau jail problems,https://www.newsday.com/opinion/editorial/nassau-jail-questions-persist-1.13461113,Nassau County,"Politics, local"
2017-04-16,Time for power players to deal,https://www.newsday.com/opinion/editorial/lipa-deal-must-be-struck-1.13467876,LIPA,Environmental issues
2017-04-17,A win at Belmont — and the Hub,https://www.newsday.com/opinion/editorial/nassau-coliusem-shouldn-t-sabotage-belmont-1.13468237,Nassau County,Future of Long Island
2017-04-18,Demand Trump tax returns before legislating tax reform,https://www.newsday.com/opinion/editorial/president-trump-still-owes-us-his-tax-returns-1.13482372,"Donald Trump, concerns","Taxes, federal"
2017-04-18,"Rid products and Long Island water of toxic 1,4-dioxane",https://www.newsday.com/opinion/editorial/get-rid-of-this-chemical-carcinogen-1-4-dioxane-1.13482327,Environmental issues,Water
2017-04-19,"In a world of trouble, Trump is a foreign policy neophyte",https://www.newsday.com/opinion/editorial/in-a-world-of-trouble-trump-is-a-foreign-policy-neophyte-1.13488904,Foreign policy,"Donald Trump, concerns"
2017-04-20,Shoreham-Wading River class trip to Disney went too far,https://www.newsday.com/opinion/editorial/field-trip-to-disney-ignites-concern-1.13494321,Education,Stop the madness
2017-04-20,Good reasons for Trump to stay in Paris accord,https://www.newsday.com/opinion/editorial/paris-agreement-must-hold-1.13494430,Environmental issues,"Donald Trump, concerns"
2017-04-21,Suffolk lawmakers should take first action to clean LI waters,https://www.newsday.com/opinion/editorial/suffolk-legislature-must-vote-yes-on-septic-plan-1.13499126,Environmental issues,Suffolk County
2017-04-22,Trump should apologize to Clinton for his guests’ behavior,https://www.newsday.com/opinion/editorial/trump-should-apologize-to-clinton-for-his-guests-behavior-1.13504458,"Donald Trump, concerns",
2017-04-23,New York State Legislature has unfinished business,https://www.newsday.com/opinion/editorial/what-nys-legislature-has-left-to-do-1.13504331,Albany,New York State
2017-04-24,Use millions to transform Long Island MacArthur Airport,https://www.newsday.com/opinion/editorial/use-millions-to-redo-macarthur-1.13505132,Travel,MacArthur Airport
2017-04-24,Aid workers’ release is a victory for President Trump,https://www.newsday.com/opinion/editorial/a-victory-for-trump-1.13505161,Foreign policy,
2017-04-25,"Yes, we can stop DWI tragedies",https://www.newsday.com/opinion/editorial/a-way-to-stop-dwi-tragedies-1.13515841,Driving,Policing
2017-04-25,Let’s talk about clean water and air,https://www.newsday.com/opinion/editorial/let-s-talk-about-clean-water-and-air-1.13515888,Environmental issues,
2017-04-26,Big tests await new chancellor of sprawling SUNY system,https://www.newsday.com/opinion/editorial/what-s-ahead-for-new-suny-chancellor-kristina-johnson-1.13521445,Education,SUNY
2017-04-27,"LI needs federal action on deadly gang violence, not rhetoric",https://www.newsday.com/opinion/editorial/what-jeff-sessions-should-know-about-li-and-gangs-1.13528359,Policing,Gang violence
2017-04-28,Difficult to like Donald Trump’s tax plan so far,https://www.newsday.com/opinion/editorial/difficult-to-like-donald-trump-s-tax-plan-so-far-1.13533774,"Taxes, federal",
2017-04-30,"100 days into Trump’s presidency, America’s not winning yet",https://www.newsday.com/opinion/editorial/lots-of-room-for-improvement-100-days-into-donald-trump-presidency-1.13538927,"Donald Trump, concerns","Politics, national"
2017-12-06,Big challenge for new sheriff of Suffolk County,https://www.newsday.com/opinion/editorial/errol-toulon-suffolk-county-sheriff-1.15326688,Errol Toulon,Suffolk County
2017-12-07,Consumer protection bureau plays critical role,https://www.newsday.com/opinion/editorial/consumer-protection-bureau-plays-critical-role-1.15339135,"Donald Trump, administration",Consumer protection
2017-12-07,Bravo to three winning students — and to Long Island education,https://www.newsday.com/opinion/editorial/long-island-siemens-winners-1.15340139,Education,
2017-12-08,U.S. Senate must defeat bid to disregard gun laws of each state,https://www.newsday.com/opinion/editorial/no-concealed-carry-in-new-york-1.15355389,Gun violence,
2017-12-08,"In Congress, a critical reckoning on sexual harassment",https://www.newsday.com/opinion/editorial/in-congress-a-critical-reckoning-on-sexual-harassment-1.15355619,Sexual harrasment,